<?xml version="1.0" encoding="UTF-8"?>
<project-private xmlns="http://www.netbeans.org/ns/project-private/1">
    <editor-bookmarks xmlns="http://www.netbeans.org/ns/editor-bookmarks/2" lastBookmarkId="0"/>
    <open-files xmlns="http://www.netbeans.org/ns/projectui-open-files/2">
        <group>
            <file>file:/E:/Netbeans%20pc/JavaApplication4/src/javaapplication4/Main.java</file>
            <file>file:/E:/Netbeans%20pc/JavaApplication4/src/core/Config.java</file>
            <file>file:/E:/Netbeans%20pc/JavaApplication4/src/javaapplication4/Passcode.java</file>
            <file>file:/E:/Netbeans%20pc/JavaApplication4/src/javaapplication4/Results.java</file>
            <file>file:/E:/Netbeans%20pc/JavaApplication4/src/javaapplication4/vote_boys.java</file>
            <file>file:/E:/Netbeans%20pc/JavaApplication4/src/core/Sound.java</file>
            <file>file:/E:/Netbeans%20pc/JavaApplication4/src/javaapplication4/vote_girls.java</file>
        </group>
    </open-files>
</project-private>
